[
  {
    "Id": "d1a2b3c4-5678-9101-1121-314151617181",
    "Title": "Daredevil: Born Again",
    "Genre": "Action, Crime",
    "ReleaseDate": "2024-10-01T00:00:00",
    "Director": "Michael Cuesta",
    "Duration": 45,
    "Description": "Daredevil: Born Again follows Matt Murdock as he returns to the streets of Hell’s Kitchen, facing new enemies and old threats in this gritty Marvel revival.",
    "ImageUrl": "https://cdn.marvel.com/content/2x/daredevilbornagain_lob_crd_03.jpg"
  },
  {
    "Id": "a2b3c4d5-6789-0123-4567-890123456789",
    "Title": "Mickey 17",
    "Genre": "Sci-Fi, Thriller",
    "ReleaseDate": "2025-03-27T00:00:00",
    "Director": "Bong Joon-ho",
    "Duration": 120,
    "Description": "An 'expendable' clone on an interstellar mission discovers the dark secrets behind his repeated deaths and resurrections.",
    "ImageUrl": "https://resizing.flixster.com/1OiUfykO45X98oT74J71RvidMxA=/ems.cHJkLWVtcy1hc3NldHMvbW92aWVzL2ExNDlhNzE2LTFlODMtNGMyNi04ZWY1LTNlYmY5N2ZmYWJhNy5qcGc="
  },
  {
    "Id": "b3c4d5e6-7890-1234-5678-901234567890",
    "Title": "Dark Winds",
    "Genre": "Crime, Drama",
    "ReleaseDate": "2024-03-09T00:00:00",
    "Director": "Chris Eyre",
    "Duration": 50,
    "Description": "A psychological thriller set in the 1970s Southwest, following two Navajo police officers investigating a double murder.",
    "ImageUrl": "https://resizing.flixster.com/jCjw8tUz-XUzuNzB7e3L60WQZ-0=/ems.cHJkLWVtcy1hc3NldHMvdHZzZXJpZXMvOTE4ZjhlNDEtMmNiOS00MGVmLTkyYjMtYzU3N2FlOWI1MDljLmpwZw=="
  },
  {
    "Id": "c4d5e6f7-8901-2345-6789-012345678901",
    "Title": "The Electric State",
    "Genre": "Sci-Fi, Adventure",
    "ReleaseDate": "2024-03-14T00:00:00",
    "Director": "Anthony Russo, Joe Russo",
    "Duration": 130,
    "Description": "In a dystopian future, a young girl and her robot companion embark on a journey across America to find her missing brother.",
    "ImageUrl": "https://m.media-amazon.com/images/M/MV5BMjQ1MTYzZmItMTkzYy00NzdmLTlhYmMtMzk5YjhiOThmZDgwXkEyXkFqcGc@._V1_FMjpg_UX1000_.jpg"
  }
]
